GROUP,TOPIC,PARTITION,CURRENT-OFFSET,LOG-END-OFFSET,LAG
demo-consumer-group,topic-1000,93,39,43,4
demo-consumer-group,topic-1000,589,36,37,1
demo-consumer-group,topic-1000,404,32,33,1
demo-consumer-group,topic-1000,827,34,34,0
demo-consumer-group,topic-1000,839,41,42,1
demo-consumer-group,topic-1000,628,40,41,1
demo-consumer-group,topic-1000,881,34,35,1
demo-consumer-group,topic-1000,521,34,35,1
demo-consumer-group,topic-1000,215,41,42,1
demo-consumer-group,topic-1000,528,39,40,1
demo-consumer-group,topic-1000,656,36,39,3
demo-consumer-group,topic-1000,537,28,31,3
demo-consumer-group,topic-1000,843,32,34,2
demo-consumer-group,topic-1000,696,28,30,2
demo-consumer-group,topic-1000,319,48,51,3
demo-consumer-group,topic-1000,508,45,45,0
demo-consumer-group,topic-1000,772,31,33,2
demo-consumer-group,topic-1000,400,31,32,1
demo-consumer-group,topic-1000,492,39,41,2
demo-consumer-group,topic-1000,469,30,32,2
demo-consumer-group,topic-1000,769,36,37,1
demo-consumer-group,topic-1000,803,31,32,1
demo-consumer-group,topic-1000,632,42,43,1
demo-consumer-group,topic-1000,249,39,41,2
demo-consumer-group,topic-1000,218,31,32,1
demo-consumer-group,topic-1000,260,27,28,1
demo-consumer-group,topic-1000,612,28,31,3
demo-consumer-group,topic-1000,453,43,45,2
demo-consumer-group,topic-1000,746,45,46,1
demo-consumer-group,topic-1000,226,28,29,1
demo-consumer-group,topic-1000,272,36,36,0
demo-consumer-group,topic-1000,616,43,46,3
demo-consumer-group,topic-1000,317,37,38,1
demo-consumer-group,topic-1000,585,34,35,1
demo-consumer-group,topic-1000,930,36,37,1
demo-consumer-group,topic-1000,885,34,35,1
demo-consumer-group,topic-1000,660,31,33,2
demo-consumer-group,topic-1000,873,40,42,2
demo-consumer-group,topic-1000,77,32,33,1
demo-consumer-group,topic-1000,451,41,41,0
demo-consumer-group,topic-1000,792,41,44,3
demo-consumer-group,topic-1000,924,34,36,2
demo-consumer-group,topic-1000,188,28,30,2
demo-consumer-group,topic-1000,701,38,38,0
demo-consumer-group,topic-10,5,5208,5596,388
demo-consumer-group,topic-1000,995,36,38,2
demo-consumer-group,topic-1000,63,34,37,3
demo-consumer-group,topic-1000,236,32,33,1
demo-consumer-group,topic-1000,571,39,41,2
demo-consumer-group,topic-1000,35,31,32,1
demo-consumer-group,topic-1000,323,36,37,1
demo-consumer-group,topic-1000,266,37,38,1
demo-consumer-group,topic-1000,948,41,43,2
demo-consumer-group,topic-1000,410,37,38,1
demo-consumer-group,topic-1000,202,36,36,0
demo-consumer-group,topic-1000,919,31,33,2
demo-consumer-group,topic-1000,555,42,44,2
demo-consumer-group,topic-1000,964,38,39,1
demo-consumer-group,topic-1000,212,30,30,0
demo-consumer-group,topic-1000,573,42,43,1
demo-consumer-group,topic-1000,483,33,34,1
demo-consumer-group,topic-1000,34,29,29,0
demo-consumer-group,topic-1000,911,55,59,4
demo-consumer-group,topic-1000,920,31,33,2
demo-consumer-group,topic-1000,311,38,39,1
demo-consumer-group,topic-1000,320,41,41,0
demo-consumer-group,topic-1000,325,34,34,0
demo-consumer-group,topic-1000,534,40,42,2
demo-consumer-group,topic-10,9,5288,5612,324
demo-consumer-group,topic-1000,241,30,32,2
demo-consumer-group,topic-1000,499,36,39,3
demo-consumer-group,topic-1000,209,27,30,3
demo-consumer-group,topic-1000,518,31,33,2
demo-consumer-group,topic-1000,998,40,41,1
demo-consumer-group,topic-1000,9,41,41,0
demo-consumer-group,topic-1000,175,36,38,2
demo-consumer-group,topic-1000,458,32,34,2
demo-consumer-group,topic-1000,225,41,44,3
demo-consumer-group,topic-1000,201,33,37,4
demo-consumer-group,topic-1000,556,34,37,3
demo-consumer-group,topic-1000,242,23,23,0
demo-consumer-group,topic-1000,667,28,28,0
demo-consumer-group,topic-1000,697,31,32,1
demo-consumer-group,topic-1000,914,44,45,1
demo-consumer-group,topic-1000,23,34,34,0
demo-consumer-group,topic-1000,674,29,30,1
demo-consumer-group,topic-1000,729,50,51,1
demo-consumer-group,topic-1000,730,31,32,1
demo-consumer-group,topic-1000,890,40,42,2
demo-consumer-group,topic-1000,738,33,34,1
demo-consumer-group,topic-1000,388,30,32,2
demo-consumer-group,topic-1000,0,37,39,2
demo-consumer-group,topic-1000,132,40,40,0
demo-consumer-group,topic-1000,756,28,28,0
demo-consumer-group,topic-1000,764,38,41,3
demo-consumer-group,topic-1000,335,40,41,1
demo-consumer-group,topic-1000,256,23,24,1
demo-consumer-group,topic-1000,708,47,50,3
demo-consumer-group,topic-1000,57,28,30,2
demo-consumer-group,topic-1000,972,32,37,5
demo-consumer-group,topic-1000,384,43,45,2
demo-consumer-group,topic-1000,938,39,44,5
demo-consumer-group,topic-1000,851,27,28,1
demo-consumer-group,topic-1000,793,37,40,3
demo-consumer-group,topic-1000,128,36,38,2
demo-consumer-group,topic-1000,276,37,40,3
demo-consumer-group,topic-1000,339,35,36,1
demo-consumer-group,topic-1000,300,41,42,1
demo-consumer-group,topic-1000,847,41,43,2
demo-consumer-group,topic-1000,971,44,46,2
demo-consumer-group,topic-1000,645,34,35,1
demo-consumer-group,topic-1000,735,31,32,1
demo-consumer-group,topic-1000,780,37,37,0
demo-consumer-group,topic-1000,678,39,41,2
demo-consumer-group,topic-1000,423,38,40,2
demo-consumer-group,topic-1000,558,50,50,0
demo-consumer-group,topic-1000,533,34,35,1
demo-consumer-group,topic-1000,302,32,33,1
demo-consumer-group,topic-1000,661,39,43,4
demo-consumer-group,topic-1000,671,46,49,3
demo-consumer-group,topic-1000,517,27,31,4
demo-consumer-group,topic-1000,649,36,38,2
demo-consumer-group,topic-1000,162,34,37,3
demo-consumer-group,topic-1000,622,39,39,0
demo-consumer-group,topic-1000,504,27,30,3
demo-consumer-group,topic-1000,370,34,34,0
demo-consumer-group,topic-1000,633,37,38,1
demo-consumer-group,topic-1000,752,37,41,4
demo-consumer-group,topic-1000,759,45,47,2
demo-consumer-group,topic-1000,626,32,35,3
demo-consumer-group,topic-1000,927,39,40,1
demo-consumer-group,topic-1000,224,30,32,2
demo-consumer-group,topic-1000,572,26,27,1
demo-consumer-group,topic-1000,366,39,39,0
demo-consumer-group,topic-1000,488,41,43,2
demo-consumer-group,topic-1000,991,33,38,5
demo-consumer-group,topic-1000,153,34,35,1
demo-consumer-group,topic-1000,434,36,36,0
demo-consumer-group,topic-1000,150,35,37,2
demo-consumer-group,topic-1000,444,41,41,0
demo-consumer-group,topic-1000,690,37,37,0
demo-consumer-group,topic-1000,736,36,37,1
demo-consumer-group,topic-1000,78,45,49,4
demo-consumer-group,topic-10,1,5241,5554,313
demo-consumer-group,topic-1000,103,31,31,0
demo-consumer-group,topic-1000,98,29,31,2
demo-consumer-group,topic-1000,354,23,26,3
demo-consumer-group,topic-1000,615,40,41,1
demo-consumer-group,topic-1000,87,30,30,0
demo-consumer-group,topic-1000,142,46,47,1
demo-consumer-group,topic-1000,751,38,40,2
demo-consumer-group,topic-1000,286,38,40,2
demo-consumer-group,topic-1000,418,39,41,2
demo-consumer-group,topic-1000,180,35,35,0
demo-consumer-group,topic-1000,896,34,36,2
demo-consumer-group,topic-1000,908,33,33,0
demo-consumer-group,topic-1000,362,34,35,1
demo-consumer-group,topic-1000,551,31,32,1
demo-consumer-group,topic-1000,350,35,36,1
demo-consumer-group,topic-1000,982,33,35,2
demo-consumer-group,topic-1000,787,37,37,0
demo-consumer-group,topic-1000,82,30,30,0
demo-consumer-group,topic-1000,466,44,46,2
demo-consumer-group,topic-1000,900,40,40,0
demo-consumer-group,topic-1000,567,36,36,0
demo-consumer-group,topic-1000,33,34,34,0
demo-consumer-group,topic-1000,978,25,31,6
demo-consumer-group,topic-1000,232,30,31,1
demo-consumer-group,topic-1000,107,45,46,1
demo-consumer-group,topic-1000,495,33,33,0
demo-consumer-group,topic-1000,184,37,37,0
demo-consumer-group,topic-1000,640,24,25,1
demo-consumer-group,topic-1000,271,25,29,4
demo-consumer-group,topic-1000,631,41,42,1
demo-consumer-group,topic-1000,146,41,42,1
demo-consumer-group,topic-1000,94,40,41,1
demo-consumer-group,topic-1000,83,40,42,2
demo-consumer-group,topic-1000,619,43,44,1
demo-consumer-group,topic-1000,683,35,36,1
demo-consumer-group,topic-1000,687,31,33,2
demo-consumer-group,topic-1000,252,26,28,2
demo-consumer-group,topic-1000,167,37,39,2
demo-consumer-group,topic-1000,30,35,35,0
demo-consumer-group,topic-1000,289,39,39,0
demo-consumer-group,topic-1000,124,40,40,0
demo-consumer-group,topic-1000,426,31,33,2
demo-consumer-group,topic-1000,171,38,41,3
demo-consumer-group,topic-1000,239,41,42,1
demo-consumer-group,topic-1000,644,33,34,1
demo-consumer-group,topic-1000,133,38,43,5
demo-consumer-group,topic-1000,842,43,45,2
demo-consumer-group,topic-1000,5,37,40,3
demo-consumer-group,topic-1000,817,38,41,3
demo-consumer-group,topic-1000,592,35,35,0
demo-consumer-group,topic-1000,568,35,38,3
demo-consumer-group,topic-1000,231,38,38,0
demo-consumer-group,topic-1000,775,44,46,2
demo-consumer-group,topic-1000,977,43,45,2
demo-consumer-group,topic-1000,47,30,32,2
demo-consumer-group,topic-1000,137,33,33,0
demo-consumer-group,topic-1000,454,46,47,1
demo-consumer-group,topic-1000,112,39,41,2
demo-consumer-group,topic-1000,97,43,44,1
demo-consumer-group,topic-1000,530,39,39,0
demo-consumer-group,topic-1000,255,30,30,0
demo-consumer-group,topic-1000,716,34,37,3
demo-consumer-group,topic-1000,390,26,27,1
demo-consumer-group,topic-1000,324,30,32,2
demo-consumer-group,topic-1000,514,38,38,0
demo-consumer-group,topic-1000,196,29,31,2
demo-consumer-group,topic-1000,511,34,35,1
demo-consumer-group,topic-1000,123,34,36,2
demo-consumer-group,topic-1000,470,43,44,1
demo-consumer-group,topic-1000,588,41,43,2
demo-consumer-group,topic-1000,552,26,29,3
demo-consumer-group,topic-1000,336,47,49,2
demo-consumer-group,topic-1000,69,32,33,1
demo-consumer-group,topic-1000,340,29,29,0
demo-consumer-group,topic-1000,345,27,27,0
demo-consumer-group,topic-1000,967,36,38,2
demo-consumer-group,topic-1000,392,34,36,2
demo-consumer-group,topic-1000,26,43,45,2
demo-consumer-group,topic-1000,760,34,35,1
demo-consumer-group,topic-1000,396,36,37,1
demo-consumer-group,topic-1000,353,34,36,2
demo-consumer-group,topic-1000,846,39,39,0
demo-consumer-group,topic-1000,860,35,35,0
demo-consumer-group,topic-1000,597,30,30,0
demo-consumer-group,topic-1000,809,33,34,1
demo-consumer-group,topic-1000,856,39,44,5
demo-consumer-group,topic-1000,954,35,38,3
demo-consumer-group,topic-1000,838,32,34,2
demo-consumer-group,topic-1000,12,36,38,2
demo-consumer-group,topic-1000,606,35,36,1
demo-consumer-group,topic-1000,247,43,46,3
demo-consumer-group,topic-1000,822,22,23,1
demo-consumer-group,topic-1000,463,38,40,2
demo-consumer-group,topic-1000,610,28,30,2
demo-consumer-group,topic-1000,702,43,44,1
demo-consumer-group,topic-1000,19,31,33,2
demo-consumer-group,topic-1000,844,37,38,1
demo-consumer-group,topic-1000,850,28,31,3
demo-consumer-group,topic-1000,700,37,39,2
demo-consumer-group,topic-1000,652,28,28,0
demo-consumer-group,topic-1000,755,44,44,0
demo-consumer-group,topic-1000,874,27,27,0
demo-consumer-group,topic-1000,648,37,38,1
demo-consumer-group,topic-1000,267,49,49,0
demo-consumer-group,topic-1000,445,32,33,1
demo-consumer-group,topic-1000,723,47,48,1
demo-consumer-group,topic-1000,581,26,27,1
demo-consumer-group,topic-1000,810,42,43,1
demo-consumer-group,topic-1000,864,39,41,2
demo-consumer-group,topic-1000,368,31,33,2
demo-consumer-group,topic-1000,741,39,39,0
demo-consumer-group,topic-10,6,5305,5657,352
demo-consumer-group,topic-1000,513,35,35,0
demo-consumer-group,topic-1000,570,30,31,1
demo-consumer-group,topic-1000,536,41,43,2
demo-consumer-group,topic-1000,189,30,32,2
demo-consumer-group,topic-1000,310,32,34,2
demo-consumer-group,topic-1000,554,29,32,3
demo-consumer-group,topic-1000,520,43,45,2
demo-consumer-group,topic-10,8,5381,5734,353
demo-consumer-group,topic-1000,926,40,41,1
demo-consumer-group,topic-1000,715,33,34,1
demo-consumer-group,topic-1000,934,27,29,2
demo-consumer-group,topic-1000,372,35,36,1
demo-consumer-group,topic-1000,58,35,35,0
demo-consumer-group,topic-1000,484,38,39,1
demo-consumer-group,topic-1000,433,42,42,0
demo-consumer-group,topic-1000,529,50,51,1
demo-consumer-group,topic-1000,459,46,46,0
demo-consumer-group,topic-1000,282,43,43,0
demo-consumer-group,topic-1000,763,30,31,1
demo-consumer-group,topic-1000,437,37,38,1
demo-consumer-group,topic-1000,305,40,43,3
demo-consumer-group,topic-1000,868,28,32,4
demo-consumer-group,topic-1000,936,38,39,1
demo-consumer-group,topic-1000,749,36,37,1
demo-consumer-group,topic-1000,248,36,38,2
demo-consumer-group,topic-1000,176,48,48,0
demo-consumer-group,topic-1000,108,34,36,2
demo-consumer-group,topic-1000,344,41,42,1
demo-consumer-group,topic-1000,237,31,31,0
demo-consumer-group,topic-1000,915,40,43,3
demo-consumer-group,topic-1000,493,37,40,3
demo-consumer-group,topic-1000,352,36,39,3
demo-consumer-group,topic-1000,638,34,36,2
demo-consumer-group,topic-1000,329,37,40,3
demo-consumer-group,topic-1000,356,41,43,2
demo-consumer-group,topic-1000,500,38,38,0
demo-consumer-group,topic-1000,999,43,44,1
demo-consumer-group,topic-1000,952,31,32,1
demo-consumer-group,topic-1000,197,33,36,3
demo-consumer-group,topic-1000,563,48,49,1
demo-consumer-group,topic-1000,65,28,31,3
demo-consumer-group,topic-1000,547,20,21,1
demo-consumer-group,topic-1000,944,36,37,1
demo-consumer-group,topic-1000,76,33,35,2
demo-consumer-group,topic-1000,960,33,36,3
demo-consumer-group,topic-1000,824,38,41,3
demo-consumer-group,topic-1000,766,43,45,2
demo-consumer-group,topic-1000,707,30,33,3
demo-consumer-group,topic-1000,1,38,40,2
demo-consumer-group,topic-1000,548,38,41,3
demo-consumer-group,topic-1000,472,31,31,0
demo-consumer-group,topic-1000,654,44,46,2
demo-consumer-group,topic-1000,192,42,42,0
demo-consumer-group,topic-1000,456,36,38,2
demo-consumer-group,topic-1000,782,32,32,0
demo-consumer-group,topic-1000,712,33,33,0
demo-consumer-group,topic-1000,113,38,38,0
demo-consumer-group,topic-1000,227,41,43,2
demo-consumer-group,topic-1000,523,29,29,0
demo-consumer-group,topic-1000,203,25,25,0
demo-consumer-group,topic-1000,295,29,30,1
demo-consumer-group,topic-10,4,5274,5626,352
demo-consumer-group,topic-1000,663,36,38,2
demo-consumer-group,topic-1000,840,30,33,3
demo-consumer-group,topic-1000,961,33,36,3
demo-consumer-group,topic-1000,779,32,33,1
demo-consumer-group,topic-1000,833,32,33,1
demo-consumer-group,topic-1000,771,47,49,2
demo-consumer-group,topic-1000,806,39,40,1
demo-consumer-group,topic-1000,564,22,24,2
demo-consumer-group,topic-1000,15,37,40,3
demo-consumer-group,topic-1000,143,36,36,0
demo-consumer-group,topic-1000,147,38,38,0
demo-consumer-group,topic-1000,576,40,41,1
demo-consumer-group,topic-1000,805,35,35,0
demo-consumer-group,topic-1000,31,32,32,0
demo-consumer-group,topic-1000,163,36,39,3
demo-consumer-group,topic-1000,910,27,27,0
demo-consumer-group,topic-1000,557,28,28,0
demo-consumer-group,topic-1000,876,41,42,1
demo-consumer-group,topic-1000,888,43,46,3
demo-consumer-group,topic-1000,243,37,38,1
demo-consumer-group,topic-1000,918,41,44,3
demo-consumer-group,topic-1000,830,37,37,0
demo-consumer-group,topic-1000,818,46,48,2
demo-consumer-group,topic-1000,117,28,30,2
demo-consumer-group,topic-1000,636,24,24,0
demo-consumer-group,topic-1000,790,44,44,0
demo-consumer-group,topic-1000,666,38,40,2
demo-consumer-group,topic-1000,49,32,32,0
demo-consumer-group,topic-1000,892,35,35,0
demo-consumer-group,topic-1000,53,39,40,1
demo-consumer-group,topic-1000,813,33,37,4
demo-consumer-group,topic-1000,159,32,33,1
demo-consumer-group,topic-1000,901,36,38,2
demo-consumer-group,topic-1000,897,35,35,0
demo-consumer-group,topic-1000,550,29,30,1
demo-consumer-group,topic-1000,438,37,40,3
demo-consumer-group,topic-1000,863,40,41,1
demo-consumer-group,topic-1000,891,27,28,1
demo-consumer-group,topic-1000,381,22,23,1
demo-consumer-group,topic-1000,630,37,38,1
demo-consumer-group,topic-1000,931,32,33,1
demo-consumer-group,topic-1000,776,42,43,1
demo-consumer-group,topic-1000,494,36,40,4
demo-consumer-group,topic-1000,955,24,27,3
demo-consumer-group,topic-1000,185,41,41,0
demo-consumer-group,topic-1000,90,23,24,1
demo-consumer-group,topic-1000,737,35,36,1
demo-consumer-group,topic-1000,475,39,40,1
demo-consumer-group,topic-1000,510,40,44,4
demo-consumer-group,topic-1000,887,33,36,3
demo-consumer-group,topic-1000,983,31,33,2
demo-consumer-group,topic-1000,91,33,33,0
demo-consumer-group,topic-1000,230,36,37,1
demo-consumer-group,topic-1000,264,39,39,0
demo-consumer-group,topic-1000,219,36,41,5
demo-consumer-group,topic-1000,719,31,33,2
demo-consumer-group,topic-1000,347,39,39,0
demo-consumer-group,topic-1000,183,33,34,1
demo-consumer-group,topic-1000,566,34,34,0
demo-consumer-group,topic-1000,867,35,36,1
demo-consumer-group,topic-1000,682,39,40,1
demo-consumer-group,topic-1000,875,40,42,2
demo-consumer-group,topic-1000,253,51,54,3
demo-consumer-group,topic-1000,129,37,38,1
demo-consumer-group,topic-1000,441,34,35,1
demo-consumer-group,topic-1000,125,50,51,1
demo-consumer-group,topic-1000,154,42,43,1
demo-consumer-group,topic-1000,823,28,31,3
demo-consumer-group,topic-1000,614,42,43,1
demo-consumer-group,topic-1000,430,30,32,2
demo-consumer-group,topic-1000,939,46,46,0
demo-consumer-group,topic-1000,618,45,46,1
demo-consumer-group,topic-1000,799,37,39,2
demo-consumer-group,topic-1000,509,39,41,2
demo-consumer-group,topic-1000,446,35,37,2
demo-consumer-group,topic-1000,120,36,36,0
demo-consumer-group,topic-1000,190,25,28,3
demo-consumer-group,topic-1000,421,28,30,2
demo-consumer-group,topic-1000,417,37,37,0
demo-consumer-group,topic-1000,138,29,30,1
demo-consumer-group,topic-1000,448,36,38,2
demo-consumer-group,topic-1000,403,44,44,0
demo-consumer-group,topic-1000,487,39,41,2
demo-consumer-group,topic-1000,70,46,48,2
demo-consumer-group,topic-1000,989,38,41,3
demo-consumer-group,topic-1000,48,38,38,0
demo-consumer-group,topic-1000,174,42,43,1
demo-consumer-group,topic-1000,261,44,45,1
demo-consumer-group,topic-1000,134,37,38,1
demo-consumer-group,topic-1000,238,44,45,1
demo-consumer-group,topic-1000,503,37,38,1
demo-consumer-group,topic-1000,970,31,31,0
demo-consumer-group,topic-1000,974,42,43,1
demo-consumer-group,topic-1000,233,32,32,0
demo-consumer-group,topic-1000,254,39,40,1
demo-consumer-group,topic-1000,14,27,29,2
demo-consumer-group,topic-1000,753,38,40,2
demo-consumer-group,topic-1000,679,31,34,3
demo-consumer-group,topic-1000,414,39,40,1
demo-consumer-group,topic-1000,496,38,41,3
demo-consumer-group,topic-1000,39,39,41,2
demo-consumer-group,topic-1000,828,24,25,1
demo-consumer-group,topic-1000,193,42,43,1
demo-consumer-group,topic-1000,29,35,35,0
demo-consumer-group,topic-1000,79,30,31,1
demo-consumer-group,topic-1000,399,37,38,1
demo-consumer-group,topic-1000,770,30,30,0
demo-consumer-group,topic-1000,74,43,44,1
demo-consumer-group,topic-1000,283,38,38,0
demo-consumer-group,topic-1000,673,49,52,3
demo-consumer-group,topic-1000,945,43,45,2
demo-consumer-group,topic-1000,369,21,22,1
demo-consumer-group,topic-1000,246,46,48,2
demo-consumer-group,topic-1000,291,35,36,1
demo-consumer-group,topic-1000,177,35,35,0
demo-consumer-group,topic-1000,677,33,34,1
demo-consumer-group,topic-1000,383,49,51,2
demo-consumer-group,topic-1000,580,46,47,1
demo-consumer-group,topic-1000,659,36,38,2
demo-consumer-group,topic-1000,584,26,27,1
demo-consumer-group,topic-1000,64,45,45,0
demo-consumer-group,topic-1000,73,36,36,0
demo-consumer-group,topic-1000,966,41,43,2
demo-consumer-group,topic-1000,539,46,46,0
demo-consumer-group,topic-1000,328,36,39,3
demo-consumer-group,topic-1000,949,35,39,4
demo-consumer-group,topic-1000,274,25,25,0
demo-consumer-group,topic-1000,207,32,33,1
demo-consumer-group,topic-10,0,5108,5457,349
demo-consumer-group,topic-1000,718,41,42,1
demo-consumer-group,topic-1000,304,35,38,3
demo-consumer-group,topic-1000,373,36,39,3
demo-consumer-group,topic-1000,800,42,46,4
demo-consumer-group,topic-1000,210,31,34,3
demo-consumer-group,topic-1000,655,35,36,1
demo-consumer-group,topic-1000,118,35,38,3
demo-consumer-group,topic-1000,387,45,47,2
demo-consumer-group,topic-1000,600,39,41,2
demo-consumer-group,topic-1000,596,36,36,0
demo-consumer-group,topic-1000,395,29,30,1
demo-consumer-group,topic-1000,359,42,46,4
demo-consumer-group,topic-1000,733,29,31,2
demo-consumer-group,topic-1000,605,39,40,1
demo-consumer-group,topic-1000,643,30,34,4
demo-consumer-group,topic-1000,925,31,32,1
demo-consumer-group,topic-1000,909,28,29,1
demo-consumer-group,topic-1000,333,39,40,1
demo-consumer-group,topic-1000,601,28,28,0
demo-consumer-group,topic-1000,429,30,31,1
demo-consumer-group,topic-1000,845,36,37,1
demo-consumer-group,topic-1000,857,34,34,0
demo-consumer-group,topic-1000,288,30,31,1
demo-consumer-group,topic-1000,375,38,39,1
demo-consumer-group,topic-1000,277,52,55,3
demo-consumer-group,topic-1000,693,36,36,0
demo-consumer-group,topic-1000,168,36,36,0
demo-consumer-group,topic-1000,397,41,42,1
demo-consumer-group,topic-1000,99,44,46,2
demo-consumer-group,topic-1000,903,30,33,3
demo-consumer-group,topic-1000,172,40,44,4
demo-consumer-group,topic-1000,11,29,30,1
demo-consumer-group,topic-1000,905,47,47,0
demo-consumer-group,topic-1000,341,39,39,0
demo-consumer-group,topic-1000,379,35,37,2
demo-consumer-group,topic-1000,95,33,35,2
demo-consumer-group,topic-1000,992,32,33,1
demo-consumer-group,topic-1000,639,33,37,4
demo-consumer-group,topic-1000,689,41,44,3
demo-consumer-group,topic-1000,921,29,29,0
demo-consumer-group,topic-1000,794,32,33,1
demo-consumer-group,topic-1000,213,34,36,2
demo-consumer-group,topic-1000,742,31,32,1
demo-consumer-group,topic-1000,789,28,28,0
demo-consumer-group,topic-1000,280,38,39,1
demo-consumer-group,topic-1000,409,39,40,1
demo-consumer-group,topic-1000,726,36,37,1
demo-consumer-group,topic-1000,797,40,42,2
demo-consumer-group,topic-1000,18,44,48,4
demo-consumer-group,topic-1000,754,43,43,0
demo-consumer-group,topic-1000,4,42,43,1
demo-consumer-group,topic-1000,669,32,33,1
demo-consumer-group,topic-1000,59,38,40,2
demo-consumer-group,topic-1000,425,26,28,2
demo-consumer-group,topic-1000,725,31,32,1
demo-consumer-group,topic-1000,861,41,45,4
demo-consumer-group,topic-1000,865,33,36,3
demo-consumer-group,topic-1000,877,31,31,0
demo-consumer-group,topic-1000,562,34,35,1
demo-consumer-group,topic-1000,546,35,35,0
demo-consumer-group,topic-1000,591,31,31,0
demo-consumer-group,topic-1000,54,32,36,4
demo-consumer-group,topic-1000,587,47,50,3
demo-consumer-group,topic-1000,244,35,36,1
demo-consumer-group,topic-1000,442,43,45,2
demo-consumer-group,topic-1000,748,30,33,3
demo-consumer-group,topic-1000,52,31,33,2
demo-consumer-group,topic-1000,609,35,36,1
demo-consumer-group,topic-1000,349,37,39,2
demo-consumer-group,topic-1000,50,37,37,0
demo-consumer-group,topic-1000,835,34,37,3
demo-consumer-group,topic-1000,220,49,49,0
demo-consumer-group,topic-1000,889,46,50,4
demo-consumer-group,topic-1000,761,38,39,1
demo-consumer-group,topic-1000,869,32,33,1
demo-consumer-group,topic-1000,777,38,39,1
demo-consumer-group,topic-1000,471,31,33,2
demo-consumer-group,topic-1000,281,38,39,1
demo-consumer-group,topic-1000,315,39,40,1
demo-consumer-group,topic-1000,490,38,41,3
demo-consumer-group,topic-1000,228,32,33,1
demo-consumer-group,topic-1000,61,34,35,1
demo-consumer-group,topic-1000,819,35,39,4
demo-consumer-group,topic-1000,3,27,29,2
demo-consumer-group,topic-1000,234,35,36,1
demo-consumer-group,topic-1000,544,30,30,0
demo-consumer-group,topic-1000,940,31,33,2
demo-consumer-group,topic-1000,912,24,25,1
demo-consumer-group,topic-1000,476,36,37,1
demo-consumer-group,topic-1000,916,31,32,1
demo-consumer-group,topic-1000,784,37,40,3
demo-consumer-group,topic-1000,104,30,30,0
demo-consumer-group,topic-1000,186,27,29,2
demo-consumer-group,topic-1000,625,45,46,1
demo-consumer-group,topic-1000,394,50,52,2
demo-consumer-group,topic-1000,672,37,37,0
demo-consumer-group,topic-1000,89,26,26,0
demo-consumer-group,topic-1000,68,32,33,1
demo-consumer-group,topic-1000,791,39,41,2
demo-consumer-group,topic-1000,309,39,39,0
demo-consumer-group,topic-1000,837,33,36,3
demo-consumer-group,topic-1000,327,40,43,3
demo-consumer-group,topic-1000,25,28,28,0
demo-consumer-group,topic-1000,956,30,31,1
demo-consumer-group,topic-1000,621,35,35,0
demo-consumer-group,topic-1000,575,31,32,1
demo-consumer-group,topic-1000,898,48,48,0
demo-consumer-group,topic-1000,811,28,30,2
demo-consumer-group,topic-1000,100,46,47,1
demo-consumer-group,topic-1000,105,35,36,1
demo-consumer-group,topic-1000,795,48,54,6
demo-consumer-group,topic-1000,531,33,39,6
demo-consumer-group,topic-1000,10,37,38,1
demo-consumer-group,topic-1000,178,38,39,1
demo-consumer-group,topic-1000,257,52,54,2
demo-consumer-group,topic-1000,505,34,35,1
demo-consumer-group,topic-1000,676,37,41,4
demo-consumer-group,topic-1000,485,39,40,1
demo-consumer-group,topic-1000,204,38,38,0
demo-consumer-group,topic-1000,28,37,39,2
demo-consumer-group,topic-1000,151,28,29,1
demo-consumer-group,topic-1000,804,35,40,5
demo-consumer-group,topic-1000,439,36,36,0
demo-consumer-group,topic-1000,515,42,42,0
demo-consumer-group,topic-1000,258,24,27,3
demo-consumer-group,topic-1000,662,29,30,1
demo-consumer-group,topic-1000,402,38,39,1
demo-consumer-group,topic-1000,265,48,50,2
demo-consumer-group,topic-1000,75,47,47,0
demo-consumer-group,topic-1000,714,48,49,1
demo-consumer-group,topic-1000,292,33,35,2
demo-consumer-group,topic-1000,155,36,36,0
demo-consumer-group,topic-1000,303,39,41,2
demo-consumer-group,topic-1000,812,34,36,2
demo-consumer-group,topic-1000,431,28,28,0
demo-consumer-group,topic-1000,284,29,30,1
demo-consumer-group,topic-1000,535,37,42,5
demo-consumer-group,topic-1000,658,29,30,1
demo-consumer-group,topic-1000,506,34,35,1
demo-consumer-group,topic-1000,722,45,47,2
demo-consumer-group,topic-1000,646,33,36,3
demo-consumer-group,topic-1000,144,36,37,1
demo-consumer-group,topic-1000,148,36,36,0
demo-consumer-group,topic-1000,540,39,40,1
demo-consumer-group,topic-1000,467,33,35,2
demo-consumer-group,topic-1000,569,50,52,2
demo-consumer-group,topic-1000,343,32,33,1
demo-consumer-group,topic-1000,785,35,35,0
demo-consumer-group,topic-1000,922,33,33,0
demo-consumer-group,topic-1000,45,31,34,3
demo-consumer-group,topic-1000,727,27,28,1
demo-consumer-group,topic-1000,882,34,36,2
demo-consumer-group,topic-1000,642,33,34,1
demo-consumer-group,topic-1000,173,33,35,2
demo-consumer-group,topic-1000,16,37,38,1
demo-consumer-group,topic-1000,169,37,40,3
demo-consumer-group,topic-1000,855,44,46,2
demo-consumer-group,topic-1000,41,31,31,0
demo-consumer-group,topic-1000,549,38,43,5
demo-consumer-group,topic-1000,109,30,32,2
demo-consumer-group,topic-10,3,5349,5718,369
demo-consumer-group,topic-1000,906,32,34,2
demo-consumer-group,topic-1000,250,36,38,2
demo-consumer-group,topic-1000,706,34,36,2
demo-consumer-group,topic-1000,331,28,29,1
demo-consumer-group,topic-1000,699,19,20,1
demo-consumer-group,topic-1000,273,34,34,0
demo-consumer-group,topic-1000,767,43,44,1
demo-consumer-group,topic-1000,121,32,34,2
demo-consumer-group,topic-1000,524,39,40,1
demo-consumer-group,topic-1000,703,37,38,1
demo-consumer-group,topic-1000,975,40,41,1
demo-consumer-group,topic-1000,744,33,36,3
demo-consumer-group,topic-1000,502,43,45,2
demo-consumer-group,topic-1000,139,36,37,1
demo-consumer-group,topic-1000,951,39,39,0
demo-consumer-group,topic-1000,308,38,39,1
demo-consumer-group,topic-1000,743,29,31,2
demo-consumer-group,topic-1000,565,41,43,2
demo-consumer-group,topic-1000,358,40,40,0
demo-consumer-group,topic-1000,943,42,42,0
demo-consumer-group,topic-1000,135,41,43,2
demo-consumer-group,topic-1000,635,34,37,3
demo-consumer-group,topic-1000,959,34,34,0
demo-consumer-group,topic-1000,595,43,43,0
demo-consumer-group,topic-1000,294,33,34,1
demo-consumer-group,topic-1000,216,32,32,0
demo-consumer-group,topic-10,7,5345,5694,349
demo-consumer-group,topic-1000,110,31,31,0
demo-consumer-group,topic-1000,486,37,40,3
demo-consumer-group,topic-1000,297,34,34,0
demo-consumer-group,topic-1000,796,41,42,1
demo-consumer-group,topic-1000,130,30,30,0
demo-consumer-group,topic-1000,322,28,31,3
demo-consumer-group,topic-1000,382,35,38,3
demo-consumer-group,topic-1000,62,39,41,2
demo-consumer-group,topic-1000,969,34,34,0
demo-consumer-group,topic-1000,449,36,37,1
demo-consumer-group,topic-1000,66,46,47,1
demo-consumer-group,topic-1000,935,49,51,2
demo-consumer-group,topic-1000,629,31,31,0
demo-consumer-group,topic-1000,380,37,39,2
demo-consumer-group,topic-1000,182,42,42,0
demo-consumer-group,topic-1000,318,45,46,1
demo-consumer-group,topic-1000,166,34,34,0
demo-consumer-group,topic-1000,279,28,29,1
demo-consumer-group,topic-1000,386,34,34,0
demo-consumer-group,topic-1000,447,35,36,1
demo-consumer-group,topic-1000,788,40,41,1
demo-consumer-group,topic-1000,126,40,42,2
demo-consumer-group,topic-1000,6,32,36,4
demo-consumer-group,topic-1000,149,41,43,2
demo-consumer-group,topic-1000,240,32,34,2
demo-consumer-group,topic-1000,24,46,46,0
demo-consumer-group,topic-1000,200,36,40,4
demo-consumer-group,topic-1000,119,39,43,4
demo-consumer-group,topic-1000,904,39,39,0
demo-consumer-group,topic-1000,994,41,41,0
demo-consumer-group,topic-1000,21,36,37,1
demo-consumer-group,topic-1000,334,43,45,2
demo-consumer-group,topic-1000,436,28,28,0
demo-consumer-group,topic-1000,647,44,45,1
demo-consumer-group,topic-1000,432,35,36,1
demo-consumer-group,topic-1000,164,33,33,0
demo-consumer-group,topic-1000,527,42,45,3
demo-consumer-group,topic-1000,801,32,32,0
demo-consumer-group,topic-1000,307,35,38,3
demo-consumer-group,topic-1000,378,45,46,1
demo-consumer-group,topic-1000,825,29,30,1
demo-consumer-group,topic-1000,374,34,36,2
demo-consumer-group,topic-1000,590,32,33,1
demo-consumer-group,topic-1000,501,32,34,2
demo-consumer-group,topic-1000,932,26,29,3
demo-consumer-group,topic-1000,688,40,43,3
demo-consumer-group,topic-1000,928,39,40,1
demo-consumer-group,topic-1000,692,20,22,2
demo-consumer-group,topic-1000,993,35,36,1
demo-consumer-group,topic-1000,783,40,40,0
demo-consumer-group,topic-1000,545,32,32,0
demo-consumer-group,topic-1000,361,31,31,0
demo-consumer-group,topic-1000,338,36,38,2
demo-consumer-group,topic-1000,651,34,35,1
demo-consumer-group,topic-1000,988,38,41,3
demo-consumer-group,topic-1000,594,39,39,0
demo-consumer-group,topic-1000,44,41,44,3
demo-consumer-group,topic-1000,332,30,30,0
demo-consumer-group,topic-1000,981,34,35,1
demo-consumer-group,topic-1000,460,34,34,0
demo-consumer-group,topic-1000,114,34,36,2
demo-consumer-group,topic-1000,858,30,31,1
demo-consumer-group,topic-1000,51,35,36,1
demo-consumer-group,topic-1000,561,29,30,1
demo-consumer-group,topic-1000,946,43,45,2
demo-consumer-group,topic-1000,337,50,50,0
demo-consumer-group,topic-1000,160,41,43,2
demo-consumer-group,topic-1000,984,27,27,0
demo-consumer-group,topic-1000,814,36,39,3
demo-consumer-group,topic-1000,574,34,35,1
demo-consumer-group,topic-1000,223,39,40,1
demo-consumer-group,topic-1000,604,37,38,1
demo-consumer-group,topic-1000,578,40,41,1
demo-consumer-group,topic-1000,740,32,33,1
demo-consumer-group,topic-1000,834,34,34,0
demo-consumer-group,topic-1000,416,35,35,0
demo-consumer-group,topic-1000,848,18,20,2
demo-consumer-group,topic-1000,997,40,40,0
demo-consumer-group,topic-1000,40,24,25,1
demo-consumer-group,topic-1000,428,47,48,1
demo-consumer-group,topic-1000,852,30,33,3
demo-consumer-group,topic-1000,37,39,41,2
demo-consumer-group,topic-1000,724,35,36,1
demo-consumer-group,topic-1000,608,33,34,1
demo-consumer-group,topic-1000,685,40,40,0
demo-consumer-group,topic-1000,420,32,32,0
demo-consumer-group,topic-1000,694,53,53,0
demo-consumer-group,topic-1000,424,23,24,1
demo-consumer-group,topic-1000,479,45,49,4
demo-consumer-group,topic-1000,263,35,37,2
demo-consumer-group,topic-1000,681,32,33,1
demo-consumer-group,topic-1000,88,37,39,2
demo-consumer-group,topic-1000,870,39,42,3
demo-consumer-group,topic-1000,268,31,32,1
demo-consumer-group,topic-1000,854,42,42,0
demo-consumer-group,topic-1000,412,40,40,0
demo-consumer-group,topic-1000,408,47,49,2
demo-consumer-group,topic-1000,665,28,31,3
demo-consumer-group,topic-1000,732,44,47,3
demo-consumer-group,topic-1000,962,35,36,1
demo-consumer-group,topic-1000,620,27,29,2
demo-consumer-group,topic-1000,482,37,40,3
demo-consumer-group,topic-1000,798,33,33,0
demo-consumer-group,topic-1000,376,42,43,1
demo-consumer-group,topic-1000,866,41,46,5
demo-consumer-group,topic-1000,290,41,42,1
demo-consumer-group,topic-1000,440,29,30,1
demo-consumer-group,topic-1000,734,39,40,1
demo-consumer-group,topic-1000,348,35,38,3
demo-consumer-group,topic-1000,461,25,26,1
demo-consumer-group,topic-1000,872,27,30,3
demo-consumer-group,topic-1000,593,31,32,1
demo-consumer-group,topic-1000,717,36,37,1
demo-consumer-group,topic-1000,56,40,42,2
demo-consumer-group,topic-1000,583,31,35,4
demo-consumer-group,topic-1000,92,52,53,1
demo-consumer-group,topic-1000,443,29,31,2
demo-consumer-group,topic-1000,477,32,32,0
demo-consumer-group,topic-1000,739,38,39,1
demo-consumer-group,topic-1000,968,39,42,3
demo-consumer-group,topic-1000,306,41,42,1
demo-consumer-group,topic-1000,187,38,38,0
demo-consumer-group,topic-1000,360,37,37,0
demo-consumer-group,topic-1000,757,33,35,2
demo-consumer-group,topic-1000,321,45,47,2
demo-consumer-group,topic-1000,624,30,33,3
demo-consumer-group,topic-1000,364,40,43,3
demo-consumer-group,topic-1000,862,46,49,3
demo-consumer-group,topic-1000,293,37,38,1
demo-consumer-group,topic-1000,221,42,43,1
demo-consumer-group,topic-1000,579,42,43,1
demo-consumer-group,topic-1000,670,32,33,1
demo-consumer-group,topic-1000,841,39,40,1
demo-consumer-group,topic-1000,85,32,33,1
demo-consumer-group,topic-1000,2,44,46,2
demo-consumer-group,topic-1000,298,47,48,1
demo-consumer-group,topic-1000,81,44,44,0
demo-consumer-group,topic-1000,181,39,41,2
demo-consumer-group,topic-1000,313,41,43,2
demo-consumer-group,topic-1000,42,21,23,2
demo-consumer-group,topic-1000,342,50,55,5
demo-consumer-group,topic-1000,299,35,36,1
demo-consumer-group,topic-1000,577,32,33,1
demo-consumer-group,topic-1000,923,35,36,1
demo-consumer-group,topic-1000,450,33,35,2
demo-consumer-group,topic-1000,314,33,34,1
demo-consumer-group,topic-1000,664,33,37,4
demo-consumer-group,topic-1000,613,43,44,1
demo-consumer-group,topic-1000,816,38,42,4
demo-consumer-group,topic-1000,72,27,29,2
demo-consumer-group,topic-1,0,31042,35163,4121
demo-consumer-group,topic-1000,668,40,41,1
demo-consumer-group,topic-1000,617,41,42,1
demo-consumer-group,topic-1000,498,33,33,0
demo-consumer-group,topic-1000,235,32,33,1
demo-consumer-group,topic-1000,709,26,28,2
demo-consumer-group,topic-1000,275,25,27,2
demo-consumer-group,topic-1000,902,40,41,1
demo-consumer-group,topic-1000,195,31,32,1
demo-consumer-group,topic-1000,832,36,36,0
demo-consumer-group,topic-1000,278,37,37,0
demo-consumer-group,topic-1000,468,28,29,1
demo-consumer-group,topic-1000,17,28,30,2
demo-consumer-group,topic-1000,747,39,41,2
demo-consumer-group,topic-1000,894,38,38,0
demo-consumer-group,topic-1000,214,31,34,3
demo-consumer-group,topic-1000,316,37,38,1
demo-consumer-group,topic-1000,101,38,39,1
demo-consumer-group,topic-1000,46,37,39,2
demo-consumer-group,topic-1000,704,29,31,2
demo-consumer-group,topic-1000,346,39,39,0
demo-consumer-group,topic-1000,20,39,41,2
demo-consumer-group,topic-1000,491,43,44,1
demo-consumer-group,topic-1000,96,35,37,2
demo-consumer-group,topic-1000,60,47,51,4
demo-consumer-group,topic-1000,907,42,44,2
demo-consumer-group,topic-1000,67,28,32,4
demo-consumer-group,topic-1000,326,30,32,2
demo-consumer-group,topic-1000,330,42,44,2
demo-consumer-group,topic-1000,435,38,40,2
demo-consumer-group,topic-1000,526,30,31,1
demo-consumer-group,topic-1000,398,30,32,2
demo-consumer-group,topic-1000,542,39,40,1
demo-consumer-group,topic-1000,821,37,37,0
demo-consumer-group,topic-1000,481,41,41,0
demo-consumer-group,topic-1000,251,43,45,2
demo-consumer-group,topic-1000,198,47,51,4
demo-consumer-group,topic-1000,208,32,34,2
demo-consumer-group,topic-1000,71,44,45,1
demo-consumer-group,topic-1000,720,35,35,0
demo-consumer-group,topic-1000,507,28,31,3
demo-consumer-group,topic-1000,650,34,36,2
demo-consumer-group,topic-1000,497,38,39,1
demo-consumer-group,topic-1000,406,34,34,0
demo-consumer-group,topic-1000,987,35,36,1
demo-consumer-group,topic-1000,884,36,38,2
demo-consumer-group,topic-1000,774,31,33,2
demo-consumer-group,topic-1000,880,38,38,0
demo-consumer-group,topic-1000,22,35,37,2
demo-consumer-group,topic-1000,599,37,41,4
demo-consumer-group,topic-1000,878,25,26,1
demo-consumer-group,topic-1000,287,36,36,0
demo-consumer-group,topic-1000,211,36,39,3
demo-consumer-group,topic-1000,36,30,32,2
demo-consumer-group,topic-1000,758,41,42,1
demo-consumer-group,topic-1000,728,38,38,0
demo-consumer-group,topic-1000,259,36,40,4
demo-consumer-group,topic-1000,826,32,33,1
demo-consumer-group,topic-1000,419,35,38,3
demo-consumer-group,topic-1000,415,40,42,2
demo-consumer-group,topic-1000,8,34,36,2
demo-consumer-group,topic-1000,136,47,47,0
demo-consumer-group,topic-1000,532,39,39,0
demo-consumer-group,topic-1000,634,28,28,0
demo-consumer-group,topic-1000,465,41,41,0
demo-consumer-group,topic-1000,695,45,48,3
demo-consumer-group,topic-1000,886,35,36,1
demo-consumer-group,topic-1000,140,26,27,1
demo-consumer-group,topic-1000,750,36,38,2
demo-consumer-group,topic-1000,979,27,29,2
demo-consumer-group,topic-1000,457,35,38,3
demo-consumer-group,topic-1000,301,34,37,3
demo-consumer-group,topic-1000,996,39,43,4
demo-consumer-group,topic-1000,986,42,43,1
demo-consumer-group,topic-1000,871,27,28,1
demo-consumer-group,topic-1000,947,35,36,1
demo-consumer-group,topic-1000,165,28,28,0
demo-consumer-group,topic-1000,543,34,36,2
demo-consumer-group,topic-1000,711,42,43,1
demo-consumer-group,topic-1000,116,26,27,1
demo-consumer-group,topic-1000,883,38,39,1
demo-consumer-group,topic-1000,963,27,28,1
demo-consumer-group,topic-1000,393,30,31,1
demo-consumer-group,topic-1000,611,36,39,3
demo-consumer-group,topic-1000,893,34,36,2
demo-consumer-group,topic-1000,657,38,38,0
demo-consumer-group,topic-1000,607,41,43,2
demo-consumer-group,topic-1000,285,29,30,1
demo-consumer-group,topic-1000,389,32,33,1
demo-consumer-group,topic-1000,895,40,42,2
demo-consumer-group,topic-1000,815,31,33,2
demo-consumer-group,topic-1000,157,32,32,0
demo-consumer-group,topic-1000,765,26,27,1
demo-consumer-group,topic-1000,312,31,32,1
demo-consumer-group,topic-1000,115,35,38,3
demo-consumer-group,topic-1000,637,27,28,1
demo-consumer-group,topic-1000,781,38,39,1
demo-consumer-group,topic-1000,385,34,37,3
demo-consumer-group,topic-1000,686,36,36,0
demo-consumer-group,topic-1000,413,36,37,1
demo-consumer-group,topic-1000,653,34,35,1
demo-consumer-group,topic-1000,802,30,32,2
demo-consumer-group,topic-1000,7,32,35,3
demo-consumer-group,topic-10,2,5172,5538,366
demo-consumer-group,topic-1000,525,38,40,2
demo-consumer-group,topic-1000,899,44,44,0
demo-consumer-group,topic-1000,831,39,40,1
demo-consumer-group,topic-1000,541,43,44,1
demo-consumer-group,topic-1000,473,34,37,3
demo-consumer-group,topic-1000,713,38,39,1
demo-consumer-group,topic-1000,879,29,31,2
demo-consumer-group,topic-1000,807,42,43,1
demo-consumer-group,topic-1000,217,39,41,2
demo-consumer-group,topic-1000,422,40,41,1
demo-consumer-group,topic-1000,455,29,30,1
demo-consumer-group,topic-1000,675,43,46,3
demo-consumer-group,topic-1000,721,36,36,0
demo-consumer-group,topic-1000,516,33,34,1
demo-consumer-group,topic-1000,102,31,33,2
demo-consumer-group,topic-1000,161,38,41,3
demo-consumer-group,topic-1000,222,37,39,2
demo-consumer-group,topic-1000,627,43,44,1
demo-consumer-group,topic-1000,206,27,28,1
demo-consumer-group,topic-1000,480,29,30,1
demo-consumer-group,topic-1000,820,30,31,1
demo-consumer-group,topic-1000,111,38,38,0
demo-consumer-group,topic-1000,836,43,44,1
demo-consumer-group,topic-1000,990,29,29,0
demo-consumer-group,topic-1000,377,32,33,1
demo-consumer-group,topic-1000,559,35,36,1
demo-consumer-group,topic-1000,145,36,39,3
demo-consumer-group,topic-1000,768,33,34,1
demo-consumer-group,topic-1000,705,37,37,0
demo-consumer-group,topic-1000,985,25,26,1
demo-consumer-group,topic-1000,106,37,40,3
demo-consumer-group,topic-1000,489,33,33,0
demo-consumer-group,topic-1000,474,43,45,2
demo-consumer-group,topic-1000,170,32,33,1
demo-consumer-group,topic-1000,411,36,38,2
demo-consumer-group,topic-1000,745,29,31,2
demo-consumer-group,topic-1000,623,34,34,0
demo-consumer-group,topic-1000,427,37,39,2
demo-consumer-group,topic-1000,407,43,46,3
demo-consumer-group,topic-1000,13,47,49,2
demo-consumer-group,topic-1000,270,32,36,4
demo-consumer-group,topic-1000,773,40,42,2
demo-consumer-group,topic-1000,464,33,34,1
demo-consumer-group,topic-1000,38,52,54,2
demo-consumer-group,topic-1000,965,35,37,2
demo-consumer-group,topic-1000,691,36,39,3
demo-consumer-group,topic-1000,158,36,40,4
demo-consumer-group,topic-1000,245,30,32,2
demo-consumer-group,topic-1000,191,31,34,3
demo-consumer-group,topic-1000,641,35,36,1
demo-consumer-group,topic-1000,363,40,40,0
demo-consumer-group,topic-1000,194,31,32,1
demo-consumer-group,topic-1000,602,46,47,1
demo-consumer-group,topic-1000,269,36,37,1
demo-consumer-group,topic-1000,586,32,36,4
demo-consumer-group,topic-1000,519,41,44,3
demo-consumer-group,topic-1000,152,30,30,0
demo-consumer-group,topic-1000,933,34,36,2
demo-consumer-group,topic-1000,80,33,35,2
demo-consumer-group,topic-1000,937,32,33,1
demo-consumer-group,topic-1000,262,47,49,2
demo-consumer-group,topic-1000,953,40,44,4
demo-consumer-group,topic-1000,941,27,28,1
demo-consumer-group,topic-1000,367,30,30,0
demo-consumer-group,topic-1000,179,20,23,3
demo-consumer-group,topic-1000,141,32,33,1
demo-consumer-group,topic-1000,778,37,38,1
demo-consumer-group,topic-1000,229,27,29,2
demo-consumer-group,topic-1000,560,39,40,1
demo-consumer-group,topic-1000,462,36,37,1
demo-consumer-group,topic-1000,582,41,41,0
demo-consumer-group,topic-1000,156,30,34,4
demo-consumer-group,topic-1000,680,34,35,1
demo-consumer-group,topic-1000,127,29,30,1
demo-consumer-group,topic-1000,538,45,48,3
demo-consumer-group,topic-1000,357,39,39,0
demo-consumer-group,topic-1000,598,37,37,0
demo-consumer-group,topic-1000,478,48,49,1
demo-consumer-group,topic-1000,296,25,26,1
demo-consumer-group,topic-1000,205,32,33,1
demo-consumer-group,topic-1000,808,44,46,2
demo-consumer-group,topic-1000,452,35,36,1
demo-consumer-group,topic-1000,365,35,37,2
demo-consumer-group,topic-1000,957,35,35,0
demo-consumer-group,topic-1000,929,33,34,1
demo-consumer-group,topic-1000,973,27,28,1
demo-consumer-group,topic-1000,199,30,32,2
demo-consumer-group,topic-1000,522,25,25,0
demo-consumer-group,topic-1000,371,35,37,2
demo-consumer-group,topic-1000,829,30,33,3
demo-consumer-group,topic-1000,512,35,35,0
demo-consumer-group,topic-1000,684,37,40,3
demo-consumer-group,topic-1000,131,37,39,2
demo-consumer-group,topic-1000,401,31,32,1
demo-consumer-group,topic-1000,27,39,43,4
demo-consumer-group,topic-1000,43,43,46,3
demo-consumer-group,topic-1000,55,40,41,1
demo-consumer-group,topic-1000,853,38,41,3
demo-consumer-group,topic-1000,351,48,49,1
demo-consumer-group,topic-1000,32,37,39,2
demo-consumer-group,topic-1000,786,36,42,6
demo-consumer-group,topic-1000,86,31,34,3
demo-consumer-group,topic-1000,122,42,42,0
demo-consumer-group,topic-1000,553,37,38,1
demo-consumer-group,topic-1000,603,34,37,3
demo-consumer-group,topic-1000,976,31,32,1
demo-consumer-group,topic-1000,355,43,43,0
demo-consumer-group,topic-1000,942,30,32,2
demo-consumer-group,topic-1000,917,44,46,2
demo-consumer-group,topic-1000,391,28,28,0
demo-consumer-group,topic-1000,405,34,37,3
demo-consumer-group,topic-1000,958,27,28,1
demo-consumer-group,topic-1000,859,29,30,1
demo-consumer-group,topic-1000,950,39,41,2
demo-consumer-group,topic-1000,849,32,33,1
demo-consumer-group,topic-1000,698,33,33,0
demo-consumer-group,topic-1000,84,41,42,1
demo-consumer-group,topic-1000,731,32,33,1
demo-consumer-group,topic-1000,710,33,35,2
demo-consumer-group,topic-1000,913,31,33,2
demo-consumer-group,topic-1000,762,28,30,2
demo-consumer-group,topic-1000,980,32,33,1
